artist,title,mix,label,year,bpm,key,camelot,energy,role,verified,notes_he
ABBA,Dancing Queen,Original,Atlantic,1976,101,A,11B,8,anthem,yes,"כולם שרים — שיר ""כל הגילאים"" לאירועים"
Donna Summer,I Feel Love,"12"" Version",,1977,128,F,7B,7,build,yes,"הסינת׳ שהמציא את האלקטרוני — 128, מתחבר ישר להאוס"
Bee Gees,Stayin' Alive,Original,RSO,1977,104,Fm,4A,8,anthem,partial,"מאגר ה-#1 (בהאזנה): ‏Fm, ‏Spotify: ‏Bbm (שכנים בגלגל)"
Village People,Y.M.C.A.,Original,,1978,127,F#,2B,9,anthem,yes,ריקוד הידיים — אותו סולם כמו Lady ו-Girls Just Want to Have Fun
"Earth, Wind & Fire",September,Original,,1978,126,A,11B,8,anthem,yes,"""Ba-dee-ya"" — דיסקו-פאנק ב-126, מתחבר להאוס"
Gloria Gaynor,I Will Survive,Original,Polydor,1978,117,C,8B,8,anthem,yes,פתיחה בלי ביט (פסנתר ושירה) — כנסו עם Echo Out מהשיר הקודם
Sister Sledge,We Are Family,Original,,1979,119,Gm,6A,7,build,yes,אותו סולם כמו SexyBack ו-What Is Love
Michael Jackson,Don't Stop 'Til You Get Enough,Original,Epic,1979,119,B,1B,8,peak,yes,"דיסקו-פאנק — סולם 1B, מתחבר ל-Wannabe"
Lipps Inc.,Funkytown,Original,Casablanca,1979,122,C,8B,7,build,yes,אותו סולם כמו I Will Survive — +5 BPM
Queen,Another One Bites the Dust,Original,Elektra,1980,110,Fm,4A,7,build,yes,ליין בס אייקוני — מעולה לחיבור לפאנק והיפ-הופ
Michael Jackson,Billie Jean,Original,Epic,1983,117,F#m,11A,9,anthem,partial,"מאגר ה-#1 (בהאזנה): ‏F#m, ‏Spotify: ‏Bm; ‏פתיחה של תופים בלבד — מושלם לבלנד"
Cyndi Lauper,Girls Just Want to Have Fun,Original,,1983,120,F#,2B,8,anthem,yes,אותו סולם כמו I Wanna Dance with Somebody
Wham!,Wake Me Up Before You Go-Go,Original,Columbia,1984,82,C,8B,7,build,yes,Spotify ומאגר ה-#1: ‏82 (מורגש כ-164) — כנסו בקאט
a-ha,Take On Me,Original,Warner Bros.,1985,84,F#m,11A,8,anthem,yes,רשום כ-84 (מורגש כ-169) — הריף בפתיחה הוא הקיו
Bon Jovi,Livin' on a Prayer,Original,Mercury,1986,123,C,8B,9,anthem,yes,"רוק שכל הרחבה שרה — אחרי הקאטרזיס של הפזמון האחרון, Echo Out"
Whitney Houston,I Wanna Dance with Somebody (Who Loves Me),Original,Arista,1987,119,F#,2B,9,anthem,partial,מאגר ה-#1: ‏F# עם מודולציה ל-Ab בסוף; ‏Spotify: ‏Db
Crystal Waters,Gypsy Woman (She's Homeless),Original,,1991,120,F,7B,8,peak,yes,"""La da dee la dee da"" — האוס קלאסי; אותו סולם כמו Show Me Love"
SNAP!,Rhythm Is a Dancer,"12"" Version",,1992,124,Am,8A,8,peak,yes,יורודאנס — אותו סולם כמו Can't Get You Out of My Head
House of Pain,Jump Around,Original,,1992,107,Em,9A,10,peak,yes,קפיצות מובטחות — הצפצוף בפתיחה הוא הקיו
Robin S,Show Me Love,Original,,1993,120,F,7B,8,peak,yes,הסינת׳ האורגני האייקוני — אותו סולם ו-BPM כמו Gypsy Woman
Haddaway,What Is Love,Original,,1993,124,Gm,6A,8,peak,yes,אותו סולם כמו Blue ו-Pjanoo
Corona,The Rhythm of the Night,Original,,1993,128,Fm,4A,8,peak,yes,אותו סולם כמו Music Sounds Better with You
La Bouche,Be My Lover,Original,,1995,135,C#m,12A,9,peak,yes,135 — מהיר; העלו טמפו לפניו או כנסו בקאט
Los del Río,Macarena (Bayside Boys Mix),Bayside Boys Mix,RCA,1996,103,Ab,4B,8,anthem,yes,ריקוד הקבוצה — לאירועים ובר/בת מצווה
Spice Girls,Wannabe,Original,Virgin,1996,110,B,1B,8,anthem,yes,צחוק בפתיחה — קאט חד עליו
Stardust,Music Sounds Better with You,Original,,1998,124,Fm,4A,8,peak,yes,פרנץ׳-האוס — לופ פילטר מושלם לבלנד ארוך
Cher,Believe,Original,Warner Bros.,1998,133,F#,2B,8,anthem,yes,"אוטו-טיון מפורסם — 133, אותו סולם כמו YMCA"
Britney Spears,...Baby One More Time,Original,Jive,1998,93,Cm,5A,8,anthem,yes,"""Oh baby baby"" — פתיחה מוכרת מיד"
Eiffel 65,Blue (Da Ba Dee),Original,,1998,128,Gm,6A,9,peak,yes,אותו סולם כמו What Is Love — וגם המקור של I'm Good (Blue)
Ricky Martin,Livin' la Vida Loca,Original,Columbia,1999,89,C#m,12A,8,peak,yes,מאגר ה-#1: ‏89 (Spotify מציג 178 כפול)
Alice Deejay,Better Off Alone,Original,,1999,137,Abm,1A,9,peak,yes,"חזר לטופ של טומורולנד 2025 — 137, כנסו מטראנס/האוס מהיר"
Darude,Sandstorm,Original,,1999,136,Bm,10A,10,peak,yes,"136 — רגע ""ידיים למעלה""; קאט חד"
Modjo,Lady (Hear Me Tonight),Original,,2000,126,F#,2B,8,peak,yes,פרנץ׳-האוס — אותו סולם כמו YMCA ו-Believe
Daft Punk,One More Time,Original,,2000,123,D,10B,9,anthem,yes,"שבירה ארוכה באמצע — לא לפחד ממנה, הקהל מחכה לחזרת הביט"
Shaggy ft. Rikrok,It Wasn't Me,Original,MCA,2000,95,C,8B,7,build,yes,הדגימה המקורית של China (בארגז הלטיני)
Kylie Minogue,Can't Get You Out of My Head,Original,,2001,126,Am,8A,8,peak,yes,"""La la la"" — אותו סולם כמו Rhythm Is a Dancer ו-Hung Up"
OutKast,Hey Ya!,Original,Arista,2003,80,Em,9A,9,anthem,yes,"רשום כ-80 (מורגש כ-160) — ""Shake it like a Polaroid picture"""
The White Stripes,Seven Nation Army,Original,,2003,124,Em,9A,9,anthem,partial,BPM אומת (124); ‏Spotify מציג ברובו C — המלודיה בפועל במי מינור
The Killers,Mr. Brightside,Original,,2004,148,Db,3B,9,anthem,yes,"אינדי-רוק שכל ישראלי מכיר — 148, כנסו בקאט"
Madonna,Hung Up,Original,,2005,125,Am,8A,9,peak,yes,"דגימת ABBA ""Gimme! Gimme! Gimme!"" — מתחבר ל-Dancing Queen"
Justin Timberlake,SexyBack,Original,Jive,2006,117,Gm,6A,8,peak,yes,אותו סולם כמו We Are Family
Rihanna,Don't Stop the Music,Original,,2007,123,F#m,11A,8,peak,yes,"דגימת ""Mama-se, mama-sa"" של מייקל ג׳קסון — שכן ל-Billie Jean"
Eric Prydz,Pjanoo,Club Mix / Radio Edit,,2008,126,Gm,6A,9,peak,yes,פסנתר האוס — מהטרקים המנוגנים בטומורולנד 2026
The Black Eyed Peas,I Gotta Feeling,Original,Interscope,2009,128,G,9B,10,anthem,partial,"מאגר ה-#1: ‏G, ‏Spotify: ‏C — בדקו; הבילד-אפ ""Tonight's gonna be a good night"""
Kesha,TiK ToK,Original,RCA,2009,120,F,7B,8,peak,yes,"מאגר ה-#1: ‏F, ‏Spotify: ‏Dm — יחסיים (7B/7A)"
